<aiskillconfig uniquename="ais_FormFillFieldOptOut_cr3a2_table_statecode">
  <aiskill>FormFillFieldOptOut</aiskill>
  <attribute>
    <entityid.logicalname>cr3a2_table</entityid.logicalname>
    <logicalname>statecode</logicalname>
  </attribute>
  <description>cr3a2_Table - Статус Отказ от заполнения форм</description>
  <entity>
    <logicalname>cr3a2_table</logicalname>
  </entity>
  <iscustomizable>1</iscustomizable>
  <scope>1</scope>
  <statecode>0</statecode>
  <statuscode>1</statuscode>
</aiskillconfig>