<aiskillconfig uniquename="ais_FormFillFieldOptOut_cr3a2_ca_ownerid">
  <aiskill>FormFillFieldOptOut</aiskill>
  <attribute>
    <entityid.logicalname>cr3a2_ca</entityid.logicalname>
    <logicalname>ownerid</logicalname>
  </attribute>
  <description>cr3a2_CA - Ответственный Отказ от заполнения форм</description>
  <entity>
    <logicalname>cr3a2_ca</logicalname>
  </entity>
  <iscustomizable>1</iscustomizable>
  <scope>1</scope>
  <statecode>0</statecode>
  <statuscode>1</statuscode>
</aiskillconfig>